,keyword,similar keyword
0,best mattress sale near,best mattress sale year
1,matress firm near,mattress firm near
2,best low price mattress,best low priced mattress
3,best mattress sale year,best mattress sale near
4,macy full size mattress,macys full size mattress
5,best time buy mattress,best time buy matress
6,macy matress sale,macys matress sale
7,macy matress sale,macy mattress sale
8,best matress price,best mattress price
9,futon mattress stlouis,futon mattress st louis
10,macys mattress set,macy mattress set
11,bed matress sale,bed mattress sale
12,mattress firm outlet,matress firm outlet
13,biggest matress size,biggest mattress size
14,bed matress set,bed mattress set
15,bed mattress sale,bed matress sale
16,best low priced mattress,best low price mattress
17,mattress sale macy,mattress sale macys
18,mattress firm near,matress firm near
19,best matress deal,best mattress deal
20,best mattress sale,best matress sale
21,matress store near,mattress store near
22,best price mattress,best priced mattress
23,best price mattress,best price matress
24,memorial day mattress sale,memorial day matress sale
25,macys mattress store,macy mattress store
26,macys mattress outlet,macy mattress outlet
27,online mattress store,online matress store
28,u mattress com coupon,u mattresscom coupon
29,futon mattress st louis,futon mattress stlouis
30,best mattress price,best matress price
31,best king matress,best king mattress
32,matress firm outlet,mattress firm outlet
33,mattress store near,matress store near
34,u mattress sale,w mattress sale
35,cheap bed matress deal,cheap bed mattress deal
36,discount mattress store,discount matress store
37,w mattress sale,u mattress sale
38,mattress sale macys,mattress sale macy
39,macy mattress store,macys mattress store
40,macys full size mattress,macy full size mattress
41,macys mattress sale,macys matress sale
42,macys mattress sale,macy mattress sale
43,macy mattress set,macys mattress set
44,matress sale near,mattress sale near
45,u mattresscom coupon,u mattress com coupon
46,mattress sale near,matress sale near
47,best priced mattress,best price mattress
48,macys mattress queen,macy mattress queen
49,macys matress sale,macy matress sale
50,macys matress sale,macys mattress sale
51,best time buy matress,best time buy mattress
52,macy mattress sale date,macys mattress sale date
53,macys mattress sale date,macy mattress sale date
54,macy mattress sale,macy matress sale
55,macy mattress sale,macys mattress sale
56,best king mattress,best king matress
57,best matress sale,best mattress sale
58,discount matress store,discount mattress store
59,best mattress deal,best matress deal
60,cheap bed mattress deal,cheap bed matress deal
61,bed mattress set,bed matress set
62,online matress store,online mattress store
63,matress discount,mattress discount
64,mattress discount,matress discount
65,macy mattress queen,macys mattress queen
66,biggest mattress size,biggest matress size
67,best price matress,best price mattress
68,memorial day matress sale,memorial day mattress sale
69,macy mattress outlet,macys mattress outlet
